{
  "version": "20.0.0",
  "files": {
    "a9376c3002bd6ed782b4e469130edbf0b4d7bdf594aa6b639d6d6ed7c3f71168": {
      "source": {
        "path": "asset.a9376c3002bd6ed782b4e469130edbf0b4d7bdf594aa6b639d6d6ed7c3f71168",
        "packaging": "zip"
      },
      "destinations": {
        "current_account-current_region": {
          "bucketName": "cdk-hnb659fds-assets-${AWS::AccountId}-${AWS::Region}",
          "objectKey": "a9376c3002bd6ed782b4e469130edbf0b4d7bdf594aa6b639d6d6ed7c3f71168.zip",
          "assumeRoleArn": "arn:${AWS::Partition}:iam::${AWS::AccountId}:role/cdk-hnb659fds-file-publishing-role-${AWS::AccountId}-${AWS::Region}"
        }
      }
    },
    "cb8d1bdd76ab49d211242b2575530fbf6c5b3ec53c13069551ec29b879722ef1": {
      "source": {
        "path": "lambda-cdk.template.json",
        "packaging": "file"
      },
      "destinations": {
        "current_account-current_region": {
          "bucketName": "cdk-hnb659fds-assets-${AWS::AccountId}-${AWS::Region}",
          "objectKey": "cb8d1bdd76ab49d211242b2575530fbf6c5b3ec53c13069551ec29b879722ef1.json",
          "assumeRoleArn": "arn:${AWS::Partition}:iam::${AWS::AccountId}:role/cdk-hnb659fds-file-publishing-role-${AWS::AccountId}-${AWS::Region}"
        }
      }
    }
  },
  "dockerImages": {}
}